{"action": {"mean": [-3.6303663364378735e-05, 4.275061291991733e-05, -3.488910078885965e-05, 0.0, 0.0, 0.0, 0.3338625431060791], "std": [0.0072534047067165375, 0.009502259083092213, 0.007796798832714558, 0.0, 0.0, 0.0, 0.47161751985549927], "max": [0.017826231196522713, 0.018258921802043915, 0.018417779356241226, 0.0, 0.0, 0.0, 1.0], "min": [-0.018002208322286606, -0.01819564960896969, -0.01832290180027485, 0.0, 0.0, 0.0, 0.0], "p99": [0.017187134474515916, 0.017510532177984716, 0.017612084448337555, 0.0, 0.0, 0.0, 1.0], "p01": [-0.017247727625072002, -0.01750184841454029, -0.017534281834959985, 0.0, 0.0, 0.0, 0.0]}, "num_transitions": 23935, "num_trajectories": 300, "proprio": {"mean": [0.2457803338766098, -0.45543763041496277, 0.12884460389614105, 0.0, -3.1404552459716797, 0.0, 0.3338625431060791], "std": [0.10050635039806366, 0.14178037643432617, 0.04789688065648079, 0.0, 0.0004551750607788563, 0.0, 0.47161751985549927], "max": [0.5000710487365723, -0.29988157749176025, 0.19978298246860504, 0.0, -3.140000104904175, 0.0, 1.0], "min": [0.1498701423406601, -0.8000761866569519, 0.04985411837697029, 0.0, -3.140000104904175, 0.0, 0.0], "p99": [0.5000049269199371, -0.29996475636959075, 0.19875248342752458, 0.0, -3.140000104904175, 0.0, 1.0], "p01": [0.14997024834156036, -0.7999815142154694, 0.04997466407716274, 0.0, -3.140000104904175, 0.0, 0.0]}}